{
	"partitions" : [
		{
			"name" : "Top",
			"pins" : [
				{
					"name" : "Hsync",
					"strict" : false
				},
				{
					"name" : "Vsync",
					"strict" : false
				},
				{
					"name" : "seg1[6]",
					"strict" : false
				},
				{
					"name" : "seg1[5]",
					"strict" : false
				},
				{
					"name" : "seg1[4]",
					"strict" : false
				},
				{
					"name" : "seg1[3]",
					"strict" : false
				},
				{
					"name" : "seg1[2]",
					"strict" : false
				},
				{
					"name" : "seg1[1]",
					"strict" : false
				},
				{
					"name" : "seg1[0]",
					"strict" : false
				},
				{
					"name" : "seg2[6]",
					"strict" : false
				},
				{
					"name" : "seg2[5]",
					"strict" : false
				},
				{
					"name" : "seg2[4]",
					"strict" : false
				},
				{
					"name" : "seg2[3]",
					"strict" : false
				},
				{
					"name" : "seg2[2]",
					"strict" : false
				},
				{
					"name" : "seg2[1]",
					"strict" : false
				},
				{
					"name" : "seg2[0]",
					"strict" : false
				},
				{
					"name" : "seg3[7]",
					"strict" : false
				},
				{
					"name" : "seg3[6]",
					"strict" : false
				},
				{
					"name" : "seg3[5]",
					"strict" : false
				},
				{
					"name" : "seg3[4]",
					"strict" : false
				},
				{
					"name" : "seg3[3]",
					"strict" : false
				},
				{
					"name" : "seg3[2]",
					"strict" : false
				},
				{
					"name" : "seg3[1]",
					"strict" : false
				},
				{
					"name" : "seg3[0]",
					"strict" : false
				},
				{
					"name" : "seg4[6]",
					"strict" : false
				},
				{
					"name" : "seg4[5]",
					"strict" : false
				},
				{
					"name" : "seg4[4]",
					"strict" : false
				},
				{
					"name" : "seg4[3]",
					"strict" : false
				},
				{
					"name" : "seg4[2]",
					"strict" : false
				},
				{
					"name" : "seg4[1]",
					"strict" : false
				},
				{
					"name" : "seg4[0]",
					"strict" : false
				},
				{
					"name" : "seg5[6]",
					"strict" : false
				},
				{
					"name" : "seg5[5]",
					"strict" : false
				},
				{
					"name" : "seg5[3]",
					"strict" : false
				},
				{
					"name" : "seg5[2]",
					"strict" : false
				},
				{
					"name" : "seg5[1]",
					"strict" : false
				},
				{
					"name" : "seg5[0]",
					"strict" : false
				},
				{
					"name" : "seg6[6]",
					"strict" : false
				},
				{
					"name" : "seg6[5]",
					"strict" : false
				},
				{
					"name" : "seg6[3]",
					"strict" : false
				},
				{
					"name" : "seg6[2]",
					"strict" : false
				},
				{
					"name" : "seg6[1]",
					"strict" : false
				},
				{
					"name" : "seg6[0]",
					"strict" : false
				},
				{
					"name" : "R[0]",
					"strict" : false
				},
				{
					"name" : "R[1]",
					"strict" : false
				},
				{
					"name" : "R[2]",
					"strict" : false
				},
				{
					"name" : "R[3]",
					"strict" : false
				},
				{
					"name" : "G[0]",
					"strict" : false
				},
				{
					"name" : "G[1]",
					"strict" : false
				},
				{
					"name" : "G[2]",
					"strict" : false
				},
				{
					"name" : "G[3]",
					"strict" : false
				},
				{
					"name" : "B[0]",
					"strict" : false
				},
				{
					"name" : "B[1]",
					"strict" : false
				},
				{
					"name" : "B[2]",
					"strict" : false
				},
				{
					"name" : "B[3]",
					"strict" : false
				},
				{
					"name" : "reset",
					"strict" : false
				},
				{
					"name" : "direction_switch[1]",
					"strict" : false
				},
				{
					"name" : "direction_switch[0]",
					"strict" : false
				},
				{
					"name" : "clk",
					"strict" : false
				},
				{
					"name" : "start_game",
					"strict" : false
				}
			]
		}
	]
}